<?xml version="1.0" encoding="utf-8"?>
<resources>
  <string name="application_name">Arduino Controller</string>
  <string name="timer_state_text">Time</string>
  <string name="timer_state_value">OFF</string>
  <string name="arduino_server_text">Arduino server</string>
  <string name="arduino_server_connect">Not connected</string>
  <string name="ip_address_text">IP Address</string>
  <string name="ip_address_value">192.168.1.2</string>
  <string name="ip_port_text">IP Port</string>
  <string name="ip_port_value">3300</string>
  <string name="button_connect_text">Connect</string>
  <string name="on_off_text">On/Off</string>
  <string name="value_text">Value</string>
  <string name="threshold_text">Threshold</string>
  <string name="toggle_text">Toggle</string>
  <string name="button_pin_state_text1">Lights</string>
  <string name="button_pin_state_text2">Train</string>
  <string name="button_pin_state_text3">Time</string>
  <string name="sensor_text1">LDR</string>
  <string name="sensor_text2">Temp</string>
  <string name="sensor_text3">Timer</string>
  <string name="value_value_text">NaN</string>
  <string name="button_pin_state_colour">@android:color/holo_red_dark</string>
  <string name="pin_state_text">Arduino Pin state</string>
  <string name="change_pin_state_value">OFF</string>
  <string name="sensor_text">Sensor value</string>
  <string name="sensor_value">-</string>
  <string name="debug_text">Debug</string>
  <string name="debug_value">-</string>
  <string name="exit">Exit</string>
  <string name="abort">Abort</string>
</resources>
